Category,Type,Year,Module name,Unclocked by Tech,Tech Name,,Module Loc Name,Stats,,,,,,,,,,,,,,,,,,,,,,,,,,,,Resources,,,,,,,
,,,,,Long,Short,,"Reliability, %",Hardness,Hard attack,"Hard attack, %",Soft attack,"Soft attack, %",Breakthrough,"Breakthrough, %",Defence,"Defence, %",Armor,"Armor, %",Piercing,"Piercing, %",Max speed,"Max speed, %",Recon,"Recon, %",Entrenchment,Supply consumption,"Supply consumption, %",Fuel consumption,"Fuel consumption, %",Air Attack,"Air Attack, %",Production cost,"Production cost, %",Dismantling cost,Electricity,Construction metals,Light metals,Rare-earth metals,Nuclear materials,,,
Hulls,Light Hull [DONE],1939,Early World War 2 Light Hull,Early World War 2 Light Hull,Early World War 2 Light Hull,Light Hull I,Light_Hull_0,100%,70%,,,,,20,,6,,5,,,,6,,,,,,,,,,,2.5,,,,1,,,,,,
,,1942,Mid-World War 2 Light Hull,Mid-World War 2 Light Hull,Mid-World War 2 Light Hull,Light Hull II,Light_Hull_1,105%,70%,,,,,20,,6,,7.5,,,,6.5,,,,,,,,,,,2.9,,,,1,,,,,,
,,1944,Late World War 2 Light Hull,Late World War 2 Light Hull,Late World War 2 Light Hull,Light Hull III,Light_Hull_2,110%,70%,,,,,20,,6,,10,,,,7,,,,,,,,,,,3.3,,,,1,,,,,,
,,1950,Post-World War 2 Light Hull,Post-World War 2 Light Hull,Post-World War 2 Light Hull,Light Hull IV,Light_Hull_3,115%,70%,,,,,20,,6,,12.5,,,,7.5,,,,,,,,,,,3.7,,,,2,1,,,,,
,,1960,Early Cold War Light Hull,Early Cold War Light Hull,Early Cold War Light Hull,Light Hull V,Light_Hull_4,120%,70%,,,,,20,,6,,15,,,,8,,,,,,,,,,,4.1,,,,2,1,,,,,
,,1970,Mid-Cold War Light Hull,Mid-Cold War Light Hull,Mid-Cold War Light Hull,Light Hull VI,Light_Hull_5,125%,70%,,,,,20,,6,,17.5,,,,8.5,,,,,,,,,,,4.5,,,,2,1,,,,,
,,1980,Late Cold War Light Hull,Late Cold War Light Hull,Late Cold War Light Hull,Light Hull VII,Light_Hull_6,130%,70%,,,,,20,,6,,20,,,,9,,,,,,,,,,,4.9,,,,2,1,,,,,
,,1990,Early Modern Light Hull,Early Modern Light Hull,Early Modern Light Hull,Light Hull VIII,Light_Hull_7,135%,70%,,,,,20,,6,,22.5,,,,9.5,,,,,,,,,,,5.3,,,,2,1,,,,,
,,2000,Modern Light Hull,Modern Light Hull,Modern Light Hull,Light Hull IX,Light_Hull_8,140%,70%,,,,,20,,6,,25,,,,10,,,,,,,,,,,5.7,,,,2,1,,,,,
,,2010,Advanced Modern Light Hull,Advanced Modern Light Hull,Advanced Modern Light Hull,Light Hull X,Light_Hull_9,145%,70%,,,,,20,,6,,27.5,,,,10.5,,,,,,,,,,,6.1,,,,2,1,,,,,
,,,,,,,,,,,,,,,,,,,,,,,,,,,,,,,,,,,,,,,,,,,
,Medium/MBT Hull [DONE],1939,Early World War 2 Medium Hull,Early World War 2 Medium Hull,Early World War 2 Medium Hull,Medium Hull I,MBT_Hull_0,110%,80%,,,,,30,,5,,30,,,,5,,,,,,,,,,,5,,,,2,,,,,,
,,1942,Mid-World War 2 Medium Hull,Mid-World War 2 Medium Hull,Mid-World War 2 Medium Hull,Medium Hull II,MBT_Hull_1,115%,80%,,,,,30,,5,,35,,,,5.5,,,,,,,,,,,5.75,,,,2,,,,,,
,,1944,Late World War 2 Medium Hull,Late World War 2 Medium Hull,Late World War 2 Medium Hull,Medium Hull III,MBT_Hull_2,120%,80%,,,,,30,,5,,40,,,,6,,,,,,,,,,,6.5,,,,2,,,,,,
,,1950,Post-World War 2 Medium Hull,Post-World War 2 Medium Hull,Post-World War 2 Medium Hull,Medium Hull IV,MBT_Hull_3,125%,80%,,,,,30,,5,,45,,,,6.5,,,,,,,,,,,7.25,,,,3,,,,,,
,,1960,First Generation Main Battle Tank Hull,First Generation Main Battle Tank Hull,First Generation Main Battle Tank Hull,MBT Hull I,MBT_Hull_4,130%,80%,,,,,30,,5,,50,,,,7,,,,,,,,,,,8,,,,3,,,,,,
,,1970,First+ Generation Main Battle Tank Hull,First+ Generation Main Battle Tank Hull,First+ Generation Main Battle Tank Hull,MBT Hull II,MBT_Hull_5,135%,80%,,,,,30,,5,,55,,,,7.5,,,,,,,,,,,8.75,,,,3,,,,,,
,,1980,Second Generation Main Battle Tank Hull,Second Generation Main Battle Tank Hull,Second Generation Main Battle Tank Hull,MBT Hull III,MBT_Hull_6,140%,80%,,,,,30,,5,,60,,,,8,,,,,,,,,,,9.5,,,,3,,,,,,
,,1990,Second+ Generation Main Battle Tank Hull,Second+ Generation Main Battle Tank Hull,Second+ Generation Main Battle Tank Hull,MBT Hull IV,MBT_Hull_7,145%,80%,,,,,30,,5,,65,,,,8.5,,,,,,,,,,,10.25,,,,3,,,,,,
,,2000,Third Generation Main Battle Tank Hull,Third Generation Main Battle Tank Hull,Third Generation Main Battle Tank Hull,MBT Hull V,MBT_Hull_8,150%,80%,,,,,30,,5,,70,,,,9,,,,,,,,,,,11,,,,3,,,,,,
,,2010,Third+ Generation Main Battle Tank Hull,Third+ Generation Main Battle Tank Hull,Third+ Generation Main Battle Tank Hull,MBT Hull VI,MBT_Hull_9,155%,80%,,,,,30,,5,,75,,,,9.5,,,,,,,,,,,11.75,,,,3,,,,,,
,,,,,,,,,,,,,,,,,,,,,,,,,,,,,,,,,,,,,,,,,,,
,Heavy Hull [DONE],1939,Early World War 2 Heavy Hull,Early World War 2 Heavy Hull,Early World War 2 Heavy Hull,Heavy Hull I,Heavy_Hull_0,120%,85%,,,,,35,,4,,45,,,,4,,,,,,,,,,,9,,,,3,,,,,,
,,1942,Mid-World War 2 Heavy Hull,Mid-World War 2 Heavy Hull,Mid-World War 2 Heavy Hull,Heavy Hull II,Heavy_Hull_1,125%,85%,,,,,35,,4,,50,,,,4.5,,,,,,,,,,,10,,,,3,,,,,,
,,1944,Late World War 2 Heavy Hull,Late World War 2 Heavy Hull,Late World War 2 Heavy Hull,Heavy Hull III,Heavy_Hull_2,130%,85%,,,,,35,,4,,55,,,,5,,,,,,,,,,,11,,,,3,,,,,,
,,1950,Post-World War 2 Heavy Hull,Post-World War 2 Heavy Hull,Post-World War 2 Heavy Hull,Heavy Hull IV,Heavy_Hull_3,135%,85%,,,,,35,,4,,60,,,,5.5,,,,,,,,,,,12,,,,4,,,,,,
,,1955,Early Cold War Heavy Hull,Early Cold War Heavy Hull,Early Cold War Heavy Hull,Heavy Hull V,Heavy_Hull_4,140%,85%,,,,,35,,4,,65,,,,6,,,,,,,,,,,13,,,,4,,,,,,
,,,,,,,,,,,,,,,,,,,,,,,,,,,,,,,,,,,,,,,,,,,
,,,,,,,,,,,,,,,,,,,,,,,,,,,,,,,,,,,,,,,,,,,
Category,Type,Year,Module name,Unclocked by Tech,Tech Name,,Module Loc Name,Stats,,,,,,,,,,,,,,,,,,,,,,,,,,,,Resources,,,,,,,
,,,,,Long,Short,,"Reliability, %",Hardness,Hard attack,"Hard attack, %",Soft attack,"Soft attack, %",Breakthrough,"Breakthrough, %",Defence,"Defence, %",Armor,"Armor, %",Piercing,"Piercing, %",Max speed,"Max speed, %",Recon,"Recon, %",Entrenchment,Supply consumption,"Supply consumption, %",Fuel consumption,"Fuel consumption, %",Air Attack,"Air Attack, %",Production cost,"Production cost, %",Dismantling cost,Electricity,Construction metals,Light metals,Rare-earth metals,Nuclear materials,,,
Protection,Armor [DONE],1939,Welded Armor,Base,Welded Armor,Welded Armor,Armor_0_W,,,,,,,2,,2,,,,,,,,,,,,,,,,,,,5,,2,,,,,,
,,1939,Cast Armor,Base,Cast Armor,Cast Armor,Armor_0_C,,2%,,,,,1.75,,1.75,,,-10%,,,,,,,,,,,,,,-1.5,-10%,6,,2,,,,,,
,,1955,Spaced Armor,Early Composite Armor,Spaced Armor,Spaced Armor,Armor_1_Space,,,,,,,2.25,,2.25,,,25%,,,0.2,,,,,,,,,,,1.5,,5.5,,2,,,,,,
,,1955,Early Composite Armor,Early Composite Armor,Composite Armor I,Composite Armor I,Armor_1_Comp,-5%,,,,,,2.5,,2.5,,,50%,,,-0.4,,,,,,,,,,,2,,6.5,,1,1,,,,,
,,1965,Advanced Composite Armor,Advanced Composite Armor,Composite Armor II,Composite Armor II,Armor_2_Comp,,,,,,,3,,3,,,75%,,,-0.4,,,,,,,,,,,2.5,,6,,1,1,,,,,
,,1975,First Generation NERA,First Generation NERA,First Generation NERA,NERA I,Armor_3,,,,,,,3.5,,3.5,,,100%,,,-0.6,,,,,,,,,,,3,,5.5,,2,1,,,,,
,,1985,Second Generation NERA,Second Generation NERA,Second Generation NERA,NERA II,Armor_4,,,,,,,4,,4,,,125%,,,-0.8,,,,,,,,,,,3.5,,5,,3,1,,,,,
,,1995,Third Generation NERA,Third Generation NERA,Third Generation NERA,NERA III,Armor_5,,,,,,,4.5,,4.5,,,150%,,,-1,,,,,,,,,,,4,,4.5,,3,1,,,,,
,,2010,Fourth Generation NERA,Fourth Generation NERA,Fourth Generation NERA,NERA IV,Armor_6,,,,,,,5,,5,,,175%,,,-1.2,,,,,,,,,,,4.5,,4,,3,1,,,,,
,,1985,Second Generation Depleted Uranium NERA,Second Generation Depleted Uranium NERA,Second Generation Depleted Uranium NERA,DU NERA II,Armor_4_DU,,,,,,,3.75,,3.75,,,135%,,,-0.9,,,,,,,,,,,3.75,,5.5,,3,1,,,,,
,,1995,Third Generation Depleted Uranium NERA,Third Generation Depleted Uranium NERA,Third Generation Depleted Uranium NERA,DU NERA III,Armor_5_DU,,,,,,,4.5,,4.5,,,160%,,,-1.2,,,,,,,,,,,4.5,,5,,3,1,,,,,
,,2010,Fourth Generation Depleted Uranium NERA,Fourth Generation Depleted Uranium NERA,Fourth Generation Depleted Uranium NERA,DU NERA IV,Armor_6_DU,,,,,,,5.25,,5.25,,,185%,,,-1.5,,,,,,,,,,,5.25,,4.5,,3,1,,,,,
,,1955,Early Aluminum Alloy Armor,Early Aluminum Alloy Armor,Early Aluminum Alloy Armor,Aluminum Armor I,Armor_0_Light,10%,2.5%,,,,,1.5,,1.5,,,-15%,,,2,,,,,,,,,,,1,,2,,,2,,,,,
,,1965,Advanced Aluminum Alloy Armor,Advanced Aluminum Alloy Armor,Advanced Aluminum Alloy Armor,Aluminum Armor II,Armor_1_Light,10%,5%,,,,,1.75,,1.75,,,-10%,,,1.5,,,,,,,,,,,1.5,,2.5,,,2,,,,,
,,,,,,,,,,,,,,,,,,,,,,,,,,,,,,,,,,,,,,,,,,,
,Add-on Armor [DONE],1965,Add-On Combined Armor,Advanced Composite Armor,,Add-On Combined Armor,Addon_0_Comb,,,,,,,1,,1,,,20%,,,-0.2,,,,,,,,,,,1.5,,0.1,,1,,,,,,
,,1975,First Generation Add-On NERA,First Generation NERA,,Add-On NERA I,Addon_1_NERA,,,,,,,1.5,,1.5,,,30%,,,-0.3,,,,,,,,,,,1.75,,0.1,,1,,,,,,
,,1985,Second Generation Add-On NERA,Second Generation NERA,,Add-On NERA II,Addon_2_NERA,,,,,,,2,,2,,,40%,,,-0.4,,,,,,,,,,,2,,0.1,,1,,,,,,
,,1995,Third Generation Add-On NERA,Third Generation NERA,,Add-On NERA III,Addon_3_NERA,,,,,,,2.5,,2.5,,,50%,,,-0.5,,,,,,,,,,,2.25,,0.1,,1,,,,,,
,,2010,Fourth Generation Add-On NERA,Fourth Generation NERA,,Add-On NERA IV,Addon_4_NERA,,,,,,,3,,3,,,60%,,,-0.6,,,,,,,,,,,2.5,,0.1,,1,,,,,,
,,1995,Light Add-on Composites,Light Add-on Composites,,Add-on Composites I,Addon_0_CE,,5%,,,,,0.5,,0.5,,20,25%,,,-0.2,,,,,,,,,,,1.25,,0.1,,,1,,,,,
,,2005,Advanced Light Add-on Composites,Advanced Light Add-on Composites,,Add-on Composites II,Addon_1_CE,,7.5%,,,,,1,,1,,30,30%,,,-0.25,,,,,,,,,,,1.75,,0.1,,,1,,,,,
,,,,,,,,,,,,,,,,,,,,,,,,,,,,,,,,,,,,,,,,,,,
,ERA [DONE],1975,First Generation ERA,First Generation ERA,,ERA I,ERA_0,,,,,,,3,,1.5,,,5%,,,-0.1,,,,,,,,,,,1,,0.05,,,,,,,,
,,1985,Second Generation ERA,Second Generation ERA,,ERA II,ERA_1,,,,,,,6,,3,,,15%,,,-0.2,,,,,,,,,,,1.75,,0.05,,,,,,,,
,,1985,ERA for Light Armored Vehicles,Second Generation ERA,,LAFV ERA,ERA_L,,,,,,,7,,3.5,,,20%,,,-0.4,,,,,,,,,,,1.5,,0.05,,,,,,,,
,,2005,Third Generation ERA,Third Generation ERA,,ERA III,ERA_2,,,,,,,9,,4.5,,,25%,,,-0.3,,,,,,,,,,,2.5,,0.05,,,,,,,,
,,2015,Fourth Generation ERA,Fourth Generation ERA,,ERA IV,ERA_3,,,,,,,12,,6,,,35%,,,-0.4,,,,,,,,,,,3.25,,0.05,,,,,,,,
,,,,,,,,,,,,,,,,,,,,,,,,,,,,,,,,,,,,,,,,,,,
,Smoke [DONE],1939,Smoke Grenade Dischargers,Smoke Grenade Dischargers,,Smoke Dischargers I,Smoke_0,,,,,,,1.5,,2.5,,,,,,,,,,,,,,,,,0.5,,0.05,,,,,,,,
,,1944,Engine Smoke Generator System,Engine Smoke Generator System,,ESS,Smoke_ESS,,,,,,,5,,,,,,,,,,,,,,,0.25,,,,1,,0.2,,,,,,,,
,,1975,Improved Smoke Grenade Dischargers,Improved Smoke Grenade Dischargers,,Smoke Dischargers II,Smoke_1,,,,,,,3.5,,5,,,,,,,,,,,,,,,,,1.25,,0.05,,,,,,,,
,,1985,IR Smoke Grenade Dischargers,IR Smoke Grenade Dischargers,,Smoke Dischargers III,Smoke_2,,,,,,,5.5,,8,,,,,,,,,,,,,,,,,1.75,,0.05,,,,,,,,
,,1995,Multi-Spectral Smoke Grenade Dischargers,Multi-Spectral Smoke Grenade Dischargers,,Smoke Dischargers IV,Smoke_3,,,,,,,7.5,,11,,,,,,,,,,,,,,,,,2.25,,0.05,,,,,,,,
,,2015,Smart Smoke Grenade Dischargers,Smart Smoke Grenade Dischargers,,Smoke Dischargers V,Smoke_4,,,,,,,9.5,,14,,,,,,,,,,,,,,,,,2.75,,0.05,,,,,,,,
,,,,,,,,,,,,,,,,,,,,,,,,,,,,,,,,,,,,,,,,,,,
,Active Protection Systems [DONE],1980,Early Hard-Kill Active Protection Systems,Early Hard-Kill Active Protection Systems,,Hard-Kill APS I,APS_0_H,-4%,,,,,,6,,3,,,,,,,,,,,,,0.15,,,,5,,0.2,,,,1,,,,
,,1990,Advanced Hard-Kill Active Protection Systems,Advanced Hard-Kill Active Protection Systems,,Hard-Kill APS II,APS_1_H,-3.5%,,,,,,9.5,,4.75,,,,,,,,,,,,,0.25,,,,5.5,,0.25,,,,1,,,,
,,2005,Modern Hard-Kill Active Protection Systems,Modern Hard-Kill Active Protection Systems,,Hard-Kill APS III,APS_2_H,-3%,,,,,,13,,6.5,,,,,,,,,,,,,0.35,,,,6,,0.3,,,,2,,,,
,,2015,Advanced Modern Hard-Kill Active Protection Systems,Advanced Modern Hard-Kill Active Protection Systems,,Hard-Kill APS IV,APS_3_H,-2.5%,,,,,,16.5,,8.25,,,,,,,,,,,,,0.45,,,,6.5,,0.35,,,,2,,,,
,,1990,Early Soft-Kill Active Protection Systems,Early Soft-Kill Active Protection Systems,,Soft-Kill APS I,APS_0_S,,,,,,,2,5%,4,5%,,,,,,,,,,,,0.15,,,,1.5,,0.1,,,,1,,,,
,,2010,Advanced Soft-Kill Active Protection Systems,Advanced Soft-Kill Active Protection Systems,,Soft-Kill APS II,APS_1_S,,,,,,,4,10%,8,10%,,,,,,,,,,,,0.35,,,,3,,0.2,,,,2,,,,
,,,,,,,,,,,,,,,,,,,,,,,,,,,,,,,,,,,,,,,,,,,
,Fire Fighting Systems [DONE],1942,Semi-Automatic Fire Fighting System,Semi-Automatic Fire Fighting System,,FFS I,FFS_0,5%,,,,,,,,,,,,,,,,,,,,,,,,,1,,0.1,,,,,,,,
,,1950,Automatic Fire Fighting System,Automatic Fire Fighting System,,FFS II,FFS_1,7.5%,,,,,,,,,,,,,,,,,,,,,,,,,1.5,,0.15,,,,,,,,
,,1975,Digital Automatic Fire Fighting System,Digital Automatic Fire Fighting System,,FFS III,FFS_2,10%,,,,,,,,,,,,,,,,,,,,,,,,,2,,0.2,,,,,,,,
,,,,,,,,,,,,,,,,,,,,,,,,,,,,,,,,,,,,,,,,,,,
,,,,,,,,,,,,,,,,,,,,,,,,,,,,,,,,,,,,,,,,,,,
Category,Type,Year,Module name,Unclocked by Tech,Tech Name,,Module Loc Name,Stats,,,,,,,,,,,,,,,,,,,,,,,,,,,,Resources,,,,,,,
,,,,,Long,Short,,"Reliability, %",Hardness,Hard attack,"Hard attack, %",Soft attack,"Soft attack, %",Breakthrough,"Breakthrough, %",Defence,"Defence, %",Armor,"Armor, %",Piercing,"Piercing, %",Max speed,"Max speed, %",Recon,"Recon, %",Entrenchment,Supply consumption,"Supply consumption, %",Fuel consumption,"Fuel consumption, %",Air Attack,"Air Attack, %",Production cost,"Production cost, %",Dismantling cost,Electricity,Construction metals,Light metals,Rare-earth metals,Nuclear materials,,,
FCS & Autoloaders,Autoloaders [DONE],1942,Gun Rammer,Gun Rammer,,Gun Rammer,Loader_0_Rammer,-2%,,,2.5%,,2.5%,3,,1,,,,,,,,,,,,2%,,,,,1,,0.1,,,,,,,,
,,1944,Mechanised Ammo Rack,Mechanised Ammo Rack,,Mech Ammo Rack,Loader_1_Mech_Ammo,-4%,,,5%,,5%,5,,2,,,,,,,,,,,,4%,0.1,,,,2,,0.4,,,,,,,,
,,1950,Drum Loading Mechanism,Drum Loading Mechanism,,Drum Autoloader I,Loader_2a_Drum,-6%,,,10%,,10%,4,,4,,,-5%,,,0.25,,,,,,6%,,,,,3,,0.6,,,,,,,,
,,1995,Advanced Drum Loading Mechanism,Advanced Drum Loading Mechanism,,Drum Autoloader II,Loader_2b_Drum,-16%,,,17.5%,,17.5%,10,,10,,,10%,,,0.5,,,,,,10%,0.5,,,,6.5,,0.8,,,,1,,,,
,,1960,Early Carousel Loading Mechanism,Early Carousel Loading Mechanism,,Carousel Autoloader I,Loader_3a_Carousel,-20%,,,10%,,10%,10,,-5,,,30%,,,1,,,,,,8%,0.2,,,,4,,1.5,,,,,,,,
,,1970,Modernised Carousel Loading Mechanism,Modernised Carousel Loading Mechanism,,Carousel Autoloader II,Loader_3b_Carousel,-17.5%,,,7.5%,,7.5%,12,,-3,,,30%,,,1,,,,,,8%,0.4,,,,4.65,,1.5,,,,1,,,,
,,1990,Advanced Carousel Loading Mechanism,Advanced Carousel Loading Mechanism,,Carousel Autoloader III,Loader_3c_Carousel,-15%,,,12.5%,,12.5%,14,,-1,,,30%,,,1,,,,,,8%,0.6,,,,5.3,,1.5,,,,1,,,,
,,2010,Modern Carousel Loading Mechanism,Modern Carousel Loading Mechanism,,Carousel Autoloader IV,Loader_3d_Carousel,-12.5%,,,15%,,15%,16,,1,,,30%,,,1,,,,,,8%,0.8,,,,5.95,,1.5,,,,1,,,,
,,1965,Early Conveyor Belt Loading Mechanism,Early Conveyor Belt Loading Mechanism,,Belt Autoloader I,Loader_4a_Belt,-15%,,,12.5%,,12.5%,11,,-4,,,15%,,,0.5,,,,,,12%,0.35,,,,4.5,,1.2,,,,1,,,,
,,1985,Advanced Conveyor Belt Loading Mechanism,Advanced Conveyor Belt Loading Mechanism,,Belt Autoloader II,Loader_4b_Belt,-12.5%,,,15%,,15%,14,,-1,,,15%,,,0.5,,,,,,12%,0.65,,,,5.15,,1.2,,,,1,,,,
,,2005,Modern Conveyor Belt Loading Mechanism,Modern Conveyor Belt Loading Mechanism,,Belt Autoloader III,Loader_4c_Belt,-10%,,,17.5%,,17.5%,17,,2,,,15%,,,0.5,,,,,,12%,0.95,,,,5.8,,1.2,,,,1,,,,
,,,,,,,,,,,,,,,,,,,,,,,,,,,,,,,,,,,,,,,,,,,
,Artillery-Exclusive Autoloaders [DONE],1965,Artillery Mechanised Ammo Rack,Early Conveyor Belt Loading Mechanism,,Mech Ammo Rack I,Loader_5a_Arty_Mech,-10%,,,7.5%,,7.5%,6,,3,,,,,,,,,,,,10%,0.15,,,,2.5,,0.9,,,,,,,,
,,1985,Advanced Artillery Mechanised Ammo Rack,Advanced Conveyor Belt Loading Mechanism,,Mech Ammo Rack II,Loader_5b_Arty_Mech,-7.5%,,,10%,,10%,9,,4.5,,,,,,,,,,,,10%,0.4,,,,3.5,,0.9,,,,1,,,,
,,2005,Modern Artillery Mechanised Ammo Rack,Modern Conveyor Belt Loading Mechanism,,Mech Ammo Rack III,Loader_5c_Arty_Mech,-5%,,,12.5%,,12.5%,12,,6,,,,,,,,,,,,10%,0.65,,,,4.5,,0.9,,,,1,,,,
,,,,,,,,,,,,,,,,,,,,,,,,,,,,,,,,,,,,,,,,,,,
,Aiming [DONE],1939,Basic Aiming Mechanisms,Base,,Aiming I,Aim_0,,,,,,,1,,0.5,,,,,,,,,,,,,0,,,,0,,0.1,,,,,,,,
,,1942,One-Plane Stabilizer,One-Plane Stabilizer,,Aiming II,Aim_1,-5%,,,,,,5,5%,0.5,,,,,,,,,,,,,0.1,,,,1.2,,0.15,,,,,,,,
,,1955,Two-Plane Stabilizer,Two-Plane Stabilizer,,Aiming III,Aim_2,-5%,,,,,,9,10%,1,,,,,,,,,,,,,0.2,,,,2.4,,0.2,,,,,,,,
,,1970,Computerised Aiming Systems,Computerised Aiming Systems,,Aiming IV,Aim_3,-4%,,,,,,13,15%,2.5,5%,,,,,,,,,,,,0.3,,,,3.6,,0.25,,,,1,,,,
,,1985,Advanced Computerised Aiming Systems,Advanced Computerised Aiming Systems,,Aiming V,Aim_4,-3%,,,,,,17,20%,3,10%,,,,,,,,,,,,0.4,,,,4.8,,0.3,,,,1,,,,
,,2005,Modern Computerised Aiming Systems,Modern Computerised Aiming Systems,,Aiming VI,Aim_5,-2%,,,,,,21,25%,3.5,15%,,,,,,,,,,,,0.5,,,,6,,0.35,,,,1,,,,
,,,,,,,,,,,,,,,,,,,,,,,,,,,,,,,,,,,,,,,,,,,
,Aiming SPAAG [DONE],1939,Basic AA Aiming Mechanisms,Base,,AA Aiming I,Aim_AA_0,,,,,,,1,,0.5,,,,,,,,,,,,,0,,,,0.5,,0.1,,,,,,,,
,,1955,Two-Plane AA Stabilizer,Two-Plane Stabilizer,,AA Aiming II,Aim_AA_1,-5%,,,,,,9,10%,1,,,,,,,,,,,,,0.2,,,20%,3,,0.2,,,,,,,,
,,1970,Computerised AA Aiming Systems,Computerised Aiming Systems,,AA Aiming III,Aim_AA_2,-4%,,,,,,13,15%,2.5,5%,,,,,,,,,,,,0.3,,,25%,4.2,,0.25,,,,1,,,,
,,1985,Advanced Computerised AA Aiming Systems,Advanced Computerised Aiming Systems,,AA Aiming IV,Aim_AA_3,-3%,,,,,,17,20%,3,10%,,,,,,,,,,,,0.4,,,30%,5.4,,0.3,,,,1,,,,
,,2005,Modern Computerised AA Aiming Systems,Modern Computerised Aiming Systems,,AA Aiming V,Aim_AA_4,-2%,,,,,,21,25%,3.5,15%,,,,,,,,,,,,0.5,,,35%,6.6,,0.35,,,,1,,,,
,,,,,,,,,,,,,,,,,,,,,,,,,,,,,,,,,,,,,,,,,,,
,Optics [DONE],1939,Basic Optic Sights,Base,,Sights I,Optics_0,,,,,,,,,,,,,,,,,,,,,,,,,,0,,0.15,,,,,,,,
,,1944,Sight With Optical Rangefinder,Sight With Optical Rangefinder,,Sights II,Optics_1,-2%,,,10%,,10%,,,,5%,,-2.5%,,,,,,,,,,,,,,1,,0.25,,,,,,,,
,,1955,Stabilized Basic Sight,Stabilized Basic Sight,,Sights III,Optics_2,-2%,,,2.5%,,2.5%,,5%,,,,,,,,,,,,,,0.1,,,,1,,0.35,,,,,,,,
,,1965,Stabilized Sight With Optical Rangefinder,Stabilized Sight With Optical Rangefinder,,Sights IV,Optics_3,-3%,,,12.5%,,12.5%,,7.5%,,7.5%,,-2.5%,,,,,,,,,,0.15,,,,2,,0.45,,,,,,,,
,,1970,Sight With Laser Rangefinder,Sight With Laser Rangefinder,,Sights V,Optics_4,-4%,,,17.5%,,17.5%,,10%,,10%,,,,,,,,,,,,0.2,,,,3.5,,0.55,,,,1,,,,
,,1980,Advanced Sight With Laser Rangefinder,Advanced Sight With Laser Rangefinder,,Sights VI,Optics_5,-4%,,,20%,,20%,,12.5%,,12.5%,,,,,,,,,,,,0.25,,,,4.25,,0.65,,,,1,,,,
,,1990,Early Modern Sight With Laser Rangefinder,Early Modern Sight With Laser Rangefinder,,Sights VII,Optics_6,-4%,,,22.5%,,22.5%,,15%,,15%,,,,,,,,,,,,0.3,,,,5,,0.75,,,,1,,,,
,,2010,Advanced Sight With Laser Rangefinder,Advanced Sight With Laser Rangefinder,,Sights VIII,Optics_7,-4%,,,25%,,25%,,17.5%,,17.5%,,,,,,,,,,,,0.35,,,,5.75,,0.85,,,,1,,,,
,,,,,,,,,,,,,,,,,,,,,,,,,,,,,,,,,,,,,,,,,,,
,Commander Optics [DONE],1965,Early Panoramic Sight,Early Panoramic Sight,,Panoramic Sight I,Panoramic_Sight_0,,,,,,,1.5,3%,1,3%,,,,,,,0.5,,,,,0.05,,,,2,,0.1,,,,,,,,
,,1985,Advanced Panoramic Sight,Advanced Panoramic Sight,,Panoramic Sight II,Panoramic_Sight_1,,,,,,,3,6%,2,6%,,,,,,,1,,,,,0.1,,,,3,,0.15,,,,,,,,
,,2005,Modern Panoramic Sight,Modern Panoramic Sight,,Panoramic Sight III,Panoramic_Sight_2,,,,,,,6,12%,4,12%,,,,,,,1.5,,,,,0.2,,,,4,,0.2,,,,,,,,
,,,,,,,,,,,,,,,,,,,,,,,,,,,,,,,,,,,,,,,,,,,
,Artillery Optics [DONE],1939,Artillery Sight,Base,,Artillery Sight I,Arty_Optics_0,,,,,,,,,,,,,,,,,,,,,,,,,,0.5,,0.15,,,,,,,,
,,2000,Muzzle Velocity Radar,???,,Artillery Sight II,Arty_Optics_1,,,,20%,,20%,,20%,,20%,,,,,,,,,,,-10%,0.3,,,,8,,0.25,,,,1,,,,
,,,,,,,,,,,,,,,,,,,,,,,,,,,,,,,,,,,,,,,,,,,
,SPAAG Optics [DONE],1939,Basic AA Optic Sights,Base,,AA Sight I,AA_Optics_0,,,,,,,,,,,,,,,,,,,,,,,,,,0,,0.15,,,,,,,,
,,1970,AA sight with laser rangefinder,Sight With Laser Rangefinder,,AA Sight II,AA_Optics_1,-4%,,,17.5%,,17.5%,,10%,,10%,,,,,,,,,,,,0.2,,,10%,4.5,,0.55,,,,1,,,,
,,1980,AA sight with IR tracker,Advanced Sight With Laser Rangefinder,,AA Sight III,AA_Optics_2,-4%,,,20%,,20%,,12.5%,,12.5%,,,,,,,,,,,,0.25,,,15%,5.5,,0.65,,,,1,,,,
,,1990,IR/TV & opto-electronic AA sights,Early Modern Sight With Laser Rangefinder,,AA Sight IV,AA_Optics_3,-4%,,,22.5%,,22.5%,,15%,,15%,,,,,,,,,,,,0.3,,,20%,6.5,,0.75,,,,1,,,,
,,2000,Modern IR/TV & opto-electronic AA sights,Oopsie,,AA Sight V,AA_Optics_4,-4%,,,25%,,25%,,17.5%,,17.5%,,,,,,,,,,,,0.35,,,25%,7.5,,0.85,,,,1,,,,
,,2010,Advanced modern IR/TV & opto-electronic AA sights,Advanced Sight With Laser Rangefinder,,AA Sight VI,AA_Optics_5,-4%,,,27.5%,,27.5%,,20%,,20%,,,,,,,,,,,,0.4,,,30%,8.5,,0.95,,,,1,,,,
,,,,,,,,,,,,,,,,,,,,,,,,,,,,,,,,,,,,,,,,,,,
,Computing [DONE],1955,Mechanical Ballistic Computer,Mechanical Ballistic Computer,,Ballistic Computer I,Computer_0,-5%,,,5%,,5%,,5%,,5%,,,,,,,,,,,-5%,0.15,,,,3,,0.1,,,,,,,,
,,1965,Analog-Digital Ballistic Computer,Analog-Digital Ballistic Computer,,Ballistic Computer II,Computer_1,-2.5%,,,10%,,10%,,10%,,10%,,,,,,,,,,,-7.5%,0.25,,,,3.75,,0.15,,,,1,,,,
,,1975,Digital Ballistic Computer,Digital Ballistic Computer,,Ballistic Computer III,Computer_2,-1%,,,15%,,15%,,15%,,15%,,,,,,,,,,,-10%,0.35,,,,4.5,,0.2,,,,2,,,,
,,1985,Advanced Digital Ballistic Computer,Advanced Digital Ballistic Computer,,Ballistic Computer IV,Computer_3,-1%,,,20%,,20%,,20%,,20%,,,,,,,,10%,,,-12.5%,0.45,,,,5.25,,0.25,,,,2,,,,
,,1995,Early Modern Digital Ballistic Computer,Early Modern Digital Ballistic Computer,,Ballistic Computer V,Computer_4,-1%,,,25%,,25%,,25%,,25%,,,,,,,,15%,,,-15%,0.55,,,,6,,0.3,,,,2,,,,
,,2005,Modern Digital Ballistic Computer,Modern Digital Ballistic Computer,,Ballistic Computer VI,Computer_5,-1%,,,30%,,30%,,30%,,30%,,,,,,,,20%,,,-17.5%,0.65,,,,6.75,,0.35,,,,2,,,,
,,2015,Advanced Modern Digital Ballistic Computer,Advanced Modern Digital Ballistic Computer,,Ballistic Computer VII,Computer_6,-1%,,,35%,,35%,,35%,,35%,,,,,,,,25%,,,-20%,0.75,,,,7.5,,0.4,,,,2,,,,
,,,,,,,,,,,,,,,,,,,,,,,,,,,,,,,,,,,,,,,,,,,
,Computing Artillery [DONE],1985,Artillery Ballistic Computer,Advanced Digital Ballistic Computer,,Artillery Ballistic Computer I,Computer_arty_0,-1%,,,25%,,25%,,25%,,25%,,,,,,,,,,,-17.5%,0.45,,,,5.25,,0.25,,,,2,,,,
,,1995,Early Modern Artillery Ballistic Computer,Early Modern Digital Ballistic Computer,,Artillery Ballistic Computer II,Computer_arty_1,-1%,,,30%,,30%,,30%,,30%,,,,,,,,,,,-20%,0.55,,,,6,,0.3,,,,2,,,,
,,2005,Modern Artillery Ballistic Computer,Modern Digital Ballistic Computer,,Artillery Ballistic Computer III,Computer_arty_2,-1%,,,35%,,35%,,35%,,35%,,,,,,,,,,,-22.5%,0.65,,,,6.75,,0.35,,,,2,,,,
,,2015,Advanced Modern Artillery Ballistic Computer,Advanced Modern Digital Ballistic Computer,,Artillery Ballistic Computer IV,Computer_arty_3,-1%,,,40%,,40%,,40%,,40%,,,,,,,,,,,-25%,0.75,,,,7.5,,0.4,,,,2,,,,
,,,,,,,,,,,,,,,,,,,,,,,,,,,,,,,,,,,,,,,,,,,
,Computing SPAAG [DONE],1960,Early Cold War Radar,Radar 1960,,Radar I,Radar_0,-5%,,,,,,,,,,,,,,,,,,,,-5%,1,????? ?? ???????? ??????? ? ??????,,20%,4,,0.1,,,,1,,,,
,,1970,Mid-Cold War Radar,Radar 1970,,Radar II,Radar_1,-5%,,,,,,,,,,,,,,,,,,,,-7.5%,1.2,,,25%,4.75,,0.15,,,,1,,,,
,,1980,Late Cold War Radar,Radar 1980,,Radar III,Radar_2,-5%,,,,,,,,,,,,,,,,,,,,-10%,1.4,,,30%,5.5,,0.2,,,,1,,,,
,,1990,Early Modern Radar,Radar 1990,,Radar IV,Radar_3,-5%,,,,,,,,,,,,,,,,,,,,-12.5%,1.6,,,35%,6.25,,0.25,,,,2,,,,
,,2000,Modern Radar,Radar 2000,,Radar V,Radar_4,-5%,,,,,,,,,,,,,,,,,,,,-15%,1.8,,,40%,7,,0.3,,,,2,,,,
,,2010,Improved Modern Radar,Radar 2010,,Radar VI,Radar_5,-5%,,,,,,,,,,,,,,,,,,,,-17.5%,2,,,45%,7.75,,0.35,,,,2,,,,
,,2020,Advanced Modern Radar,Radar 2020,,Radar VII,Radar_6,-5%,,,,,,,,,,,,,,,,,,,,-20%,2.2,,,50%,8.5,,0.4,,,,2,,,,
,,,,,,,,,,,,,,,,,,,,,,,,,,,,,,,,,,,,,,,,,,,
,,,,,,,,,,,,,,,,,,,,,,,,,,,,,,,,,,,,,,,,,,,
Category,Type,Year,Module name,Unclocked by Tech,Tech Name,,Module Loc Name,Stats,,,,,,,,,,,,,,,,,,,,,,,,,,,,Resources,,,,,,,
,,,,,Long,Short,,"Reliability, %",Hardness,Hard attack,"Hard attack, %",Soft attack,"Soft attack, %",Breakthrough,"Breakthrough, %",Defence,"Defence, %",Armor,"Armor, %",Piercing,"Piercing, %",Max speed,"Max speed, %",Recon,"Recon, %",Entrenchment,Supply consumption,"Supply consumption, %",Fuel consumption,"Fuel consumption, %",Air Attack,"Air Attack, %",Production cost,"Production cost, %",Dismantling cost,Electricity,Construction metals,Light metals,Rare-earth metals,Nuclear materials,,,
Engines & suspension,Diesel Engines [DONE],1939,World War II diesel engine,WWII Combustion Engines,,Combustion Engines I,Diesel_0,10%,,,,,,,,,,,,,,,,,,,,,2,,,,2,,0.2,,1,,,,,,
,,1950,Post-war diesel engine,Post-WWII Combustion Engines,,Combustion Engines II,Diesel_1,12.5%,,,,,,,,,,,,,,,2%,,,,,,1.9,-2%,,,2.3,,0.25,,1,,,,,,
,,1960,Early Cold War diesel engine,Early Cold War Combustion Engines,,Combustion Engines III,Diesel_2,15%,,,,,,,,,,,,,,,4%,,,,,,1.8,-4%,,,2.6,,0.3,,1,,,,,,
,,1970,Mid-Cold War diesel engine,Mid-Cold War Combustion Engines,,Combustion Engines IV,Diesel_3,17.5%,,,,,,,,,,,,,,,6%,,,,,,1.7,-6%,,,2.9,,0.35,,1,,,,,,
,,1980,Late Cold War diesel engine,Late Cold War Combustion Engines,,Combustion Engines V,Diesel_4,20%,,,,,,,,,,,,,,,8%,,,,,,1.6,-8%,,,3.2,,0.4,,2,,,,,,
,,2000,Modern diesel engine,Modern Combustion Engines,,Combustion Engines VI,Diesel_5,22.5%,,,,,,,,,,,,,,,10%,,,,,,1.5,-10%,,,3.5,,0.45,,2,1,,,,,
,,2020,Hybrid diesel-electric propulsion,Hybrid Diesel-Electric Propulsion,,Combustion Engines VII,Diesel_6,25%,,,,,,6,10%,6,10%,,,,,1,12%,,,,,,1.4,-12%,,,3.8,5%,0.8,,2,3,1,,,,
,,,,,,,,,,,,,,,,,,,,,,,,,,,,,,,,,,,,,,,,,,,
,Petrol Engines [DONE],1939,World War II petrol engine,WWII Combustion Engines,,Combustion Engines I,Petrol_0,,,,,,,,,,,,,,,1,5%,,,,,,2.4,,,,1,,0.2,,,,,,,,
,,1950,Post-war petrol engine,Post-WWII Combustion Engines,,Combustion Engines II,Petrol_1,2.5%,,,,,,,,,,,,,,1,7%,,,,,,2.3,-2%,,,1.3,,0.25,,,,,,,,
,,1960,Early Cold War petrol engine,Early Cold War Combustion Engines,,Combustion Engines III,Petrol_2,5%,,,,,,,,,,,,,,1,9%,,,,,,2.2,-4%,,,1.6,,0.3,,,,,,,,
,,1970,Mid-Cold War petrol engine,Mid-Cold War Combustion Engines,,Combustion Engines IV,Petrol_3,7.5%,,,,,,,,,,,,,,1,11%,,,,,,2.1,-6%,,,1.9,,0.35,,,,,,,,
,,,,,,,,,,,,,,,,,,,,,,,,,,,,,,,,,,,,,,,,,,,
,Gas Turbine Engines [DONE],1960,Early Cold War gas turbine engine,Early Cold War Gas Turbine Engines,,Gas Turbine Engines I,GT_0,-5%,,,,,,3,,3,,,,,,2,20%,,,,,,3.5,,,,7,,0.3,,2,1,,,,,
,,1970,Mid-Cold War gas turbine engine,Mid-Cold War Gas Turbine Engines,,Gas Turbine Engines II,GT_1,2.5%,,,,,,3.5,,3.5,,,,,,2,22%,,,,,,3.4,-4%,,,7.3,,0.35,,2,1,,,,,
,,1980,Late Cold War gas turbine engine,Late Cold War Gas Turbine Engines,,Gas Turbine Engines III,GT_2,10%,,,,,,4,,4,,,,,,2,24%,,,,,,3.3,-8%,,,7.6,,0.4,,2,1,,,,,
,,2000,Modern gas turbine engine,Modern Gas Turbine Engines,,Gas Turbine Engines IV,GT_3,17.5%,,,,,,4.5,,4.5,,,,,,2,26%,,,,,,3.2,-12%,,,7.9,,0.45,,2,2,,,,,
,,,,,,,,,,,,,,,,,,,,,,,,,,,,,,,,,,,,,,,,,,,
,APU [DONE],1939,World War II auxiliary power unit,WWII Combustion Engines,,Combustion Engines I,APU_0,1%,,,,,,,,,,,,,,,,,,,,,,-5%,,,0.25,,0.1,,,,,,,,
,,1950,Post-war auxiliary power unit,Post-WWII Combustion Engines,,Combustion Engines II,APU_1,1.5%,,,,,,,,,,,,,,,,,,,,,,-7.5%,,,0.5,,0.15,,,,,,,,
,,1960,Early Cold War auxiliary power unit,Early Cold War Combustion Engines,,Combustion Engines III,APU_2,2%,,,,,,,,,,,,,,,,,,,,,,-10%,,,0.75,,0.2,,,,,,,,
,,1970,Mid-Cold War auxiliary power unit,Mid-Cold War Combustion Engines,,Combustion Engines IV,APU_3,2.5%,,,,,,,,,,,,,,,,,,,,,,-12.5%,,,1,,0.25,,,,,,,,
,,1980,Late Cold War auxiliary power unit,Late Cold War Combustion Engines,,Combustion Engines V,APU_4,3%,,,,,,1,,2,,,,,,,,,,,,,,-15%,,,1.25,,0.3,,,,,,,,
,,2000,Modern auxiliary power unit,Modern Combustion Engines,,Combustion Engines VI,APU_5,3.5%,,,,,,2,,3,,,,,,,,,,,,,,-17.5%,,,1.5,,0.35,,,,,,,,
,,2020,Fuel cell auxiliary power unit,Hybrid Diesel-Electric Propulsion,,Combustion Engines VII,APU_6,6%,,,,,,4,,4,,,,,,,,,,,,,,-30%,,,4,,0.4,,,1,1,,,,
,,,,,,,,,,,,,,,,,,,,,,,,,,,,,,,,,,,,,,,,,,,
,Gas Turbine APU [DONE],1960,Early Cold War gas turbine auxiliary power unit,Early Cold War Gas Turbine Engines,,Gas Turbine Engines I,GT_APU_0,3%,,,,,,,,,,,,,,,,,,,,,,-20%,,,1.5,,0.2,,,,,,,,
,,1970,Mid-Cold War gas turbine auxiliary power unit,Mid-Cold War Gas Turbine Engines,,Gas Turbine Engines II,GT_APU_1,3.5%,,,,,,,,,,,,,,,,,,,,,,-22.5%,,,2,,0.25,,,,,,,,
,,1980,Late Cold War gas turbine auxiliary power unit,Late Cold War Gas Turbine Engines,,Gas Turbine Engines III,GT_APU_2,4%,,,,,,2,,1,,,,,,,,,,,,,,-25.0%,,,2.5,,0.3,,,,,,,,
,,2000,Modern gas turbine auxiliary power unit,Modern Gas Turbine Engines,,Gas Turbine Engines IV,GT_APU_3,4.5%,,,,,,3,,2,,,,,,,,,,,,,,-27.5%,,,3,,0.35,,,,,,,,
,,,,,,,,,,,,,,,,,,,,,,,,,,,,,,,,,,,,,,,,,,,
,Basic Suspension [DONE],1939,4-wheel suspension,Base,,Base,Wheel_4,,-30%,,,,,,,,,,,,,,-5%,,,,,,,10%,,,-0.5,-10%,0.1,,,,,,,,
,,1939,6-wheel suspension,Base,,Base,Wheel_6,,-20%,,,,,0.5,,0.5,,,,,,,5%,,,,,,,5%,,,,,0.15,,,,,,,,
,,1939,8-wheel suspension,Base,,Base,Wheel_8,,-10%,,,,,1,,1,,,,,,,15%,,,,,,,,,,0.5,,0.2,,,,,,,,
,,1939,Half-track suspension,Base,,Base,Half_track,-10%,-20%,,,,,1,,,,,,,,,-5%,,,,,,,5%,,,0.6,,0.2,,,,,,,,
,,1939,Bogie suspension,Base,,Base,Bogie_0,,,,,,,1,,2,,,,,,,-15%,,,,,,,7.5%,,,0.7,,0.2,,1,,,,,,
,,1939,Independent internal suspension,Base,,Base,Independent_internal_0,-7.5%,,,,,,3,,1,,,,,,,10%,,,,,,,,,,1,,1,,1,,,,,,
,,1939,Independent external suspension,Base,,Base,Independent_external_0,5%,,,,,,2,,3,,,,,,,-7.5%,,,,,,,5%,,,1,,0.2,,1,,,,,,
,,1939,Torsion bar suspension,Base,,Base,Torsion_0,10%,,,,,,3,,3,,,,,,,,,,,,,,,,,1.5,,0.5,,2,,,,,,
,,,,,,,,,,,,,,,,,,,,,,,,,,,,,,,,,,,,,,,,,,,
,Advanced Suspension [DONE],1942,Bogie Suspension With Shock Absorbers,Modernized Suspension,,Modernized Suspension,Bogie_1,2.5%,,,,,,1.5,,2.5,,,,,,,-12.5%,,,,,,,7.5%,,,1,,0.3,,1,,,,,,
,,1942,Independent Internal Suspension With Shock Absorbers,Modernized Suspension,,Modernized Suspension,Independent_internal_1,-5%,,,,,,3.5,,1.5,,,,,,,12.5%,,,,,,,,,,1.3,,1.1,,1,,,,,,
,,1942,Independent External Suspension With Shock Absorbers,Modernized Suspension,,Modernized Suspension,Independent_external_1,7.5%,,,,,,2.5,,3.5,,,,,,,-5%,,,,,,,5%,,,1.3,,0.3,,1,,,,,,
,,1942,Torsion Bar Suspension With Shock Absorbers,Modernized Suspension,,Modernized Suspension,Torsion_1,12.5%,,,,,,3.5,,3.5,,,,,,,2.5%,,,,,,,,,,1.8,,0.6,,1,,,,,,
,,1942,Hydro-Pneumatic Suspension,Modernized Suspension,,Modernized Suspension,Hydro_pneumatic_0,7.5%,,,,,,5,,5,,,,,,,5%,,,,,,,,,5%,3.5,,0.5,,1,1,,,,,
,,1960,Variable Hydro-Pneumatic Suspension,Tracked Hydro-Pneumatic Suspension,,Tracked Hydro-Pneumatic Suspension,Hydro_pneumatic_1,7.5%,,,,,,7,5%,7,5%,,,,,,5%,,,,,,0.2,,,7.5%,4.5,,0.7,,1,1,,,,,
,,2010,Active Suspension,Tracked Active Suspension,,Tracked Active Suspension,Hydro_pneumatic_2,7.5%,,,,,,9,7.5%,9,7.5%,,,,,,15%,,,,,,0.4,-5%,,10%,6.5,,0.9,,1,1,1,,,,
,,,,,,,,,,,,,,,,,,,,,,,,,,,,,,,,,,,,,,,,,,,
,,,,,,,,,,,,,,,,,,,,,,,,,,,,,,,,,,,,,,,,,,,
Category,Type,Year,Module name,Unclocked by Tech,Tech Name,,Module Loc Name,Stats,,,,,,,,,,,,,,,,,,,,,,,,,,,,Resources,,,,,,,
,,,,,Long,Short,,"Reliability, %",Hardness,Hard attack,"Hard attack, %",Soft attack,"Soft attack, %",Breakthrough,"Breakthrough, %",Defence,"Defence, %",Armor,"Armor, %",Piercing,"Piercing, %",Max speed,"Max speed, %",Recon,"Recon, %",Entrenchment,Supply consumption,"Supply consumption, %",Fuel consumption,"Fuel consumption, %",Air Attack,"Air Attack, %",Production cost,"Production cost, %",Dismantling cost,Electricity,Construction metals,Light metals,Rare-earth metals,Nuclear materials,,,
Tank Guns,Light Tank Guns,1939,Early WWII Light Gun,Early WWII Light Gun,,Light Gun I,tank_light_cannon0,-5%,,,-55%,,-55%,,,,,,,,-80%,-0.2,,,,,,,,,,,1.5,,0.2,,1,,,,,,
,,1942,Mid-WWII Light Gun,Mid-WWII Light Gun,,Light Gun II,tank_light_cannon1,-10%,,,-45%,,-45%,,,,,,,,-60%,-0.3,,,,,,,,,,,1.8,,0.2,,1,,,,,,
,,1944,Late WWII Light Gun,Late WWII Light Gun,,Light Gun III,tank_light_cannon2,-15%,,,-35%,,-35%,,,,,,,,-40%,-0.3,,,,,,,,,,,2.1,,0.2,,1,,,,,,
,,1950,Post-WWII Light Gun,Post-WWII Light Gun,,Light Gun IV,tank_light_cannon3,-15%,,,-25%,,-25%,,,,,,,,-20%,-0.3,,,,,,,,,,,2.4,,0.2,,1,,,,,,
,,1960,Early Cold War Light Gun,Early Cold War Light Gun,,Light Gun V,tank_light_cannon4,-20%,,,-20%,,-20%,,,,,,,,-18.5%,-0.4,,,,,,,,,,,2.7,,0.2,,2,,,,,,
,,1970,Mid-Cold War Light Gun,Mid-Cold War Light Gun,,Light Gun VI,tank_light_cannon5,-20%,,,-15%,,-15%,,,,,,,,-17%,-0.4,,,,,,,,,,,3,,0.2,,2,,,,,,
,,1980,Late Cold War Light Gun,Late Cold War Light Gun,,Light Gun VII,tank_light_cannon6,-20%,,,-10%,,-10%,,,,,,,,-15.5%,-0.4,,,,,,,,,,,3.3,,0.2,,2,,,,,,
,,1990,Early Modern Light Gun,Early Modern Light Gun,,Light Gun VIII,tank_light_cannon7,-20%,,,-5%,,-5%,,,,,,,,-14%,-0.5,,,,,,,,,,,3.6,,0.2,,2,,,,,,
,,2005,Modern Light Gun,Modern Light Gun,,Light Gun IX,tank_light_cannon8,-20%,,,0%,,0%,,,,,,,,-12.5%,-0.5,,,,,,,,,,,3.9,,0.2,,2,,,,,,
,,2015,Advanced Modern Light Gun,Advanced Modern Light Gun,,Light Gun X,tank_light_cannon9,-20%,,,5%,,5%,,,,,,,,-11%,-0.5,,,,,,,,,,,4.2,,0.2,,2,,,,,,
,,,,,,,,,,,,,,,,,,,,,,,,,,,,,,,,,,,,,,,,,,,
,Medium Tank Guns,1939,Early WWII Medium Gun,Early WWII Medium Gun,,Medium Gun I,tank_medium_cannon0,-15%,,,-30%,,-30%,,,,,,,,-55%,-0.4,,,,,,,,,,,3,,0.3,,2,,,,,,
,,1942,Mid-WWII Medium Gun,Mid-WWII Medium Gun,,Medium Gun II,tank_medium_cannon1,-20%,,,-20%,,-20%,,,,,,,,-30%,-0.5,,,,,,,,,,,3.4,,0.3,,2,,,,,,
,,1944,Late WWII Medium Gun,Late WWII Medium Gun,,Medium Gun III,tank_medium_cannon2,-25%,,,-10%,,-10%,,,,,,,,-15%,-0.5,,,,,,,,,,,3.8,,0.3,,2,,,,,,
,,1950,Post-WWII Medium Gun,Post-WWII Medium Gun,,Medium Gun IV,tank_medium_cannon3,-25%,,,0,,0,,,,,,,,0,-0.5,,,,,,,,,,,4.2,,0.3,,2,,,,,,
,,1960,Early Cold War MBT Smoothbore Gun,Early Cold War MBT Gun,,MBT Smoothbore Gun I,tank_smooth_mbt_cannon1,-30%,,,2.5%,,2.5%,,,,,,,,12.5%,-0.6,,,,,,,,,,,4.6,,0.3,,3,,,,,,
,,1970,Mid-Cold War MBT Smoothbore Gun,Mid-Cold War MBT Gun,,MBT Smoothbore Gun II,tank_smooth_mbt_cannon2,-30%,,,7.5%,,7.5%,,,,,,,,15%,-0.6,,,,,,,,,,,5,,0.3,,3,,,,,,
,,1980,Late Cold War MBT Smoothbore Gun,Late Cold War MBT Gun,,MBT Smoothbore Gun III,tank_smooth_mbt_cannon3,-30%,,,12.5%,,12.5%,,,,,,,,17.5%,-0.6,,,,,,,,,,,5.4,,0.3,,3,,,,,,
,,1990,Early Modern MBT Smoothbore Gun,Early Modern MBT Gun,,MBT Smoothbore Gun IV,tank_smooth_mbt_cannon4,-30%,,,17.5%,,17.5%,,,,,,,,20%,-0.7,,,,,,,,,,,5.8,,0.3,,3,,,,,,
,,2005,Modern MBT Smoothbore Gun,Modern MBT Gun,,MBT Smoothbore Gun V,tank_smooth_mbt_cannon5,-30%,,,22.5%,,22.5%,,,,,,,,22.5%,-0.7,,,,,,,,,,,6.2,,0.3,,3,,,,,,
,,2015,Advanced Modern MBT Smoothbore Gun,Advanced Modern MBT Gun,,MBT Smoothbore Gun VI,tank_smooth_mbt_cannon6,-30%,,,27.5%,,27.5%,,,,,,,,25%,-0.7,,,,,,,,,,,6.6,,0.3,,3,,,,,,
,,1960,Early Cold War MBT Rifled Gun,Early Cold War MBT Gun,,MBT Rifled Gun I,tank_rifled_mbt_cannon1,-30%,,,7.5%,,7.5%,,,,,,,,2.5%,-0.6,,,,,,,,,,,5,,0.3,,3,,,,,,
,,1970,Mid-Cold War MBT Rifled Gun,Mid-Cold War MBT Gun,,MBT Rifled Gun II,tank_rifled_mbt_cannon2,-30%,,,12.5%,,12.5%,,,,,,,,5%,-0.6,,,,,,,,,,,5.4,,0.3,,3,,,,,,
,,1980,Late Cold War MBT Rifled Gun,Late Cold War MBT Gun,,MBT Rifled Gun III,tank_rifled_mbt_cannon3,-30%,,,17.5%,,17.5%,,,,,,,,7.5%,-0.6,,,,,,,,,,,5.8,,0.3,,3,,,,,,
,,1990,Early Modern MBT Rifled Gun,Early Modern MBT Gun,,MBT Rifled Gun IV,tank_rifled_mbt_cannon4,-30%,,,22.5%,,22.5%,,,,,,,,10%,-0.7,,,,,,,,,,,6.2,,0.3,,3,,,,,,
,,2005,Modern MBT Rifled Gun,Modern MBT Gun,,MBT Rifled Gun V,tank_rifled_mbt_cannon5,-30%,,,27.5%,,27.5%,,,,,,,,12.5%,-0.7,,,,,,,,,,,6.6,,0.3,,3,,,,,,
,,2015,Advanced Modern MBT Rifled Gun,Advanced Modern MBT Gun,,MBT Rifled Gun VI,tank_rifled_mbt_cannon6,-30%,,,32.5%,,32.5%,,,,,,,,15%,-0.7,,,,,,,,,,,7,,0.3,,3,,,,,,
,,,,,,,,,,,,,,,,,,,,,,,,,,,,,,,,,,,,,,,,,,,
,Heavy Tank Guns,1942,Mid-WWII Heavy Gun,Mid-WWII Heavy Gun,,Heavy Gun I,tank_heavy_cannon0,-30%,,,0,,0,,,,,,,,-5%,-0.6,,,,,,,,,,,6,,0.4,,3,,,,,,
,,1944,Late WWII Heavy Gun,Late WWII Heavy Gun,,Heavy Gun II,tank_heavy_cannon1,-30%,,,5%,,5%,,,,,,,,0,-0.6,,,,,,,,,,,6.5,,0.4,,3,,,,,,
,,1950,Post-WWII Heavy Gun,Post-WWII Heavy Gun,,Heavy Gun III,tank_heavy_cannon2,-30%,,,10%,,10%,,,,,,,,15%,-0.7,,,,,,,,,,,7,,0.4,,3,,,,,,
,,1955,Early Cold War Heavy Gun,Early Cold War Heavy Gun,,Heavy Gun IV,tank_heavy_cannon3,-35%,,,15%,,15%,,,,,,,,20%,-0.7,,,,,,,,,,,7.5,,0.4,,3,,,,,,
,,,,,,,,,,,,,,,,,,,,,,,,,,,,,,,,,,,,,,,,,,,
,Super Heavy Gun,1955,Early Cold War Super Heavy Gun,Early Cold War Super Heavy Gun,,Super-Heavy Gun I,tank_super_heavy_cannon,-40%,,,25%,,25%,,,,,,,,35%,-1.2,,,,,,,,,,,8,,0.5,,5,,,,,,
,,,,,,,,,,,,,,,,,,,,,,,,,,,,,,,,,,,,,,,,,,,
,Gun-ATGM Launcher,1960,Gun-ATGM Launcher,Gun-ATGM Launcher,,Gun-ATGM Launcher,tank_atgm_launcher_cannon,-30%,,,12.5%,,12.5%,,,,,,,,20%,-0.6,,,,,,,,,,,5.2,,0.3,,2,,,,,,
,,,,,,,,,,,,,,,,,,,,,,,,,,,,,,,,,,,,,,,,,,,
,Heavy MBT Guns,1990,Early Heavy MBT Gun,Early Heavy MBT Gun,,Heavy MBT Gun I,tank_mbt_heavy_cannon0,-40%,,,25%,,25%,,,,,,,,40%,-0.8,,,,,,,,,,,7.5,,0.3,,4,,,,,,
,,2000,Modernized Heavy MBT Gun,Modernized Heavy MBT Gun,,Heavy MBT Gun II,tank_mbt_heavy_cannon1,-35%,,,30%,,30%,,,,,,,,45%,-0.8,,,,,,,,,,,8.1,,0.3,,4,,,,,,
,,2010,Advanced Heavy MBT Gun,Advanced Heavy MBT Gun,,Heavy MBT Gun III,tank_mbt_heavy_cannon2,-35%,,,35%,,35%,,,,,,,,50%,-0.8,,,,,,,,,,,8.7,,0.3,,4,,,,,,
,,,,,,,,,,,,,,,,,,,,,,,,,,,,,,,,,,,,,,,,,,,
,Low-Pressure Guns,1950,Post-WWII Low-Pressure Gun,Post-WWII Low-Pressure Gun,,Low-Pressure Gun I,tank_low_p_cannon0,-10%,,,-35%,,-35%,,,,,,,,-20%,-0.2,,,,,,,,,,,2,,0.2,,1,,,,,,
,,1960,Early Cold War Low-Pressure Gun,Early Cold War Low-Pressure Gun,,Low-Pressure Gun II,tank_low_p_cannon1,-10%,,,-30%,,-30%,,,,,,,,-18.5%,-0.2,,,,,,,,,,,2.3,,0.2,,1,,,,,,
,,1970,Mid-Cold War Low-Pressure Gun,Mid-Cold War Low-Pressure Gun,,Low-Pressure Gun III,tank_low_p_cannon2,-10%,,,-25%,,-25%,,,,,,,,-17%,-0.2,,,,,,,,,,,2.6,,0.2,,1,,,,,,
,,1990,Early Modern Low-Pressure Gun,Early Modern Low-Pressure Gun,,Low-Pressure Gun IV,tank_low_p_cannon3,-10%,,,-20%,,-20%,,,,,,,,-14%,-0.3,,,,,,,,,,,2.9,,0.2,,1,,,,,,
,,,,,,,,,,,,,,,,,,,,,,,,,,,,,,,,,,,,,,,,,,,
,,,,,,,,,,,,,,,,,,,,,,,,,,,,,,,,,,,,,,,,,,,
Category,Type,Year,Module name,Unclocked by Tech,Tech Name,,Module Loc Name,Stats,,,,,,,,,,,,,,,,,,,,,,,,,,,,Resources,,,,,,,
,,,,,Long,Short,,"Reliability, %",Hardness,Hard attack,"Hard attack, %",Soft attack,"Soft attack, %",Breakthrough,"Breakthrough, %",Defence,"Defence, %",Armor,"Armor, %",Piercing,"Piercing, %",Max speed,"Max speed, %",Recon,"Recon, %",Entrenchment,Supply consumption,"Supply consumption, %",Fuel consumption,"Fuel consumption, %",Air Attack,"Air Attack, %",Production cost,"Production cost, %",Dismantling cost,Electricity,Construction metals,Light metals,Rare-earth metals,Nuclear materials,,,
Primary Tank Ammo,Armor Piercing,1939,AP Ammunition,AP Ammunition,,AP Ammo I,ap_0p,,,20,,,,,,,,,,150,,,,,,,,,,,,,0.25,,0.05,,,,,,,,
,,1942,APCR Ammunition,APCR Ammunition,,AP Ammo II,ap_1p,,,30,,,,,,,,,,200,,,,,,,,,,,,,0.5,,0.05,,,,,,,,
,,1950,APDS Ammunition,APDS Ammunition,,AP Ammo III,ap_2p,,,40,,,,,,,,,,250,,,,,,,,,,,,,0.75,,0.05,,,,,,,,
,,1960,APFSDS Ammunition,APFSDS Ammunition,,AP Ammo IV,ap_3p,,,50,,,,,,,,,,300,,,,,,,,,,,,,1,,0.05,,,,,,,,
,,1970,Elongated APFSDS Ammunition,Elongated APFSDS Ammunition,,AP Ammo V,ap_4p,,,60,,,,,,,,,,375,,,,,,,,,,,,,1.25,,0.05,,,,,,,,
,,1980,Advanced APFSDS Ammunition,Advanced APFSDS Ammunition,,AP Ammo VI,ap_5p,,,70,,,,,,,,,,450,,,,,,,,,,,,,1.5,,0.05,,,,,,,,
,,1990,Early Modern APFSDS Ammunition,Early Modern APFSDS Ammunition,,AP Ammo VII,ap_6p,,,80,,,,,,,,,,550,,,,,,,,,,,,,1.75,,0.05,,,,,,,,
,,2000,Modern APFSDS Ammunition,Modern APFSDS Ammunition,,AP Ammo VIII,ap_7p,,,90,,,,,,,,,,650,,,,,,,,,,,,,2,,0.05,,,,,,,,
,,2015,Advanced Modern APFSDS Ammunition,Advanced Modern APFSDS Ammunition,,AP Ammo IX,ap_8p,,,100,,,,,,,,,,775,,,,,,,,,,,,,2.25,,0.05,,,,,,,,
,,,,,,,,,,,,,,,,,,,,,,,,,,,,,,,,,,,,,,,,,,,
,Armor Piercing DU,1980,Advanced DU APFSDS Ammunition,Advanced DU APFSDS Ammunition,,AP DU Ammo I,ap_du_1p,,,78,,,,,,,,,,500,,,,,,,,,,,,,1.8,,0.05,,,,,,,,
,,1990,Early Modern DU APFSDS Ammunition,Early Modern DU APFSDS Ammunition,,AP DU Ammo II,ap_du_2p,,,88,,,,,,,,,,600,,,,,,,,,,,,,2.05,,0.05,,,,,,,,
,,2000,Modern DU APFSDS Ammunition,Modern DU APFSDS Ammunition,,AP DU Ammo III,ap_du_3p,,,98,,,,,,,,,,700,,,,,,,,,,,,,2.3,,0.05,,,,,,,,
,,2015,Advanced Modern DU APFSDS Ammunition,Advanced Modern DU APFSDS Ammunition,,AP DU Ammo IV,ap_du_4p,,,108,,,,,,,,,,825,,,,,,,,,,,,,2.55,,0.05,,,,,,,,
,,,,,,,,,,,,,,,,,,,,,,,,,,,,,,,,,,,,,,,,,,,
,HEAT,1942,WWII HEAT Ammunition,Mid-WWII HEAT Ammunition,,HEAT Ammo I,heat_0p,,,25,,5,,,,,,,,200,,,,,,,,,,,,,0.75,,0.05,,,,,,,,
,,1950,Post-WWII HEAT Ammunition,Post-WWII HEAT Ammunition,,HEAT Ammo II,heat_1p,,,35,,7.5,,,,,,,,300,,,,,,,,,,,,,1,,0.05,,,,,,,,
,,1960,Early Cold War HEAT Ammunition,Early Cold War HEAT Ammunition,,HEAT Ammo III,heat_2p,,,45,,10,,,,,,,,400,,,,,,,,,,,,,1.25,,0.05,,,,,,,,
,,1970,Mid-Cold War HEAT Ammunition,Mid-Cold War HEAT Ammunition,,HEAT Ammo IV,heat_3p,,,55,,12.5,,,,,,,,415,,,,,,,,,,,,,1.5,,0.05,,,,,,,,
,,1980,Late Cold War HEAT Ammunition,Late Cold War HEAT Ammunition,,HEAT Ammo V,heat_4p,,,65,,15,,,,,,,,430,,,,,,,,,,,,,1.75,,0.05,,,,,,,,
,,1990,Early Modern HEAT Ammunition,Early Modern HEAT Ammunition,,HEAT Ammo VI,heat_5p,,,75,,17.5,,,,,,,,445,,,,,,,,,,,,,2,,0.05,,,,,,,,
,,2000,Modern HEAT Ammunition,Modern HEAT Ammunition,,HEAT Ammo VII,heat_6p,,,85,,20,,,,,,,,460,,,,,,,,,,,,,2.25,,0.05,,,,,,,,
,,,,,,,,,,,,,,,,,,,,,,,,,,,,,,,,,,,,,,,,,,,
,HEAT DU,1985,Late Cold War DU HEAT Ammunition,Late Cold War DU HEAT Ammunition,,DU HEAT Ammo I,heat_du_1p,,,67,,12.5,,,,,,,,475,,,,,,,,,,,,,2.05,,0.05,,,,,,,,
,,1995,Early Modern DU HEAT Ammunition,Early Modern DU HEAT Ammunition,,DU HEAT Ammo II,heat_du_2p,,,77,,15,,,,,,,,490,,,,,,,,,,,,,2.3,,0.05,,,,,,,,
,,2005,Modern DU HEAT Ammunition,Modern DU HEAT Ammunition,,DU HEAT Ammo III,heat_du_3p,,,87,,17.5,,,,,,,,505,,,,,,,,,,,,,2.55,,0.05,,,,,,,,
,,,,,,,,,,,,,,,,,,,,,,,,,,,,,,,,,,,,,,,,,,,
,HEAT MP,1985,Late Cold War HEAT-MP Ammunition,Late Cold War HEAT-MP Ammunition,,HEAT-MP Ammo I,heat_mp_1p,,,57.5,,22.5,,,,,,,,400,,,,,,,,,,,,,,,0.05,,,,,,,,
,,1995,Early Modern HEAT-MP Ammunition,Early Modern HEAT-MP Ammunition,,HEAT-MP Ammo II,heat_mp_2p,,,62.5,,25,,,,,,,,410,,,,,,,,,,,,,,,0.05,,,,,,,,
,,2005,Modern HEAT-MP Ammunition,Modern HEAT-MP Ammunition,,HEAT-MP Ammo III,heat_mp_3p,,,67.5,,27.5,,,,,,,,420,,,,,,,,,,,,,,,0.05,,,,,,,,
,,,,,,,,,,,,,,,,,,,,,,,,,,,,,,,,,,,,,,,,,,,
,HESH,1955,HESH Ammunition,HESH Ammunition,,HESH Ammo I,hesh_p,,,35,,12.5,,,,,,,,120,,,,,,,,,,,,,,,0.05,,,,,,,,
,,,,,,,,,,,,,,,,,,,,,,,,,,,,,,,,,,,,,,,,,,,
,GL ATGM,1965,Early Cold War ATGM Ammunition,ATGM 1965,,GL ATGM Ammo I,gl_atgm_0p,,,75,,2.5,,,,,,,,400,,,,,,,,,,,,,,,0.05,,,,,,,,
,,1975,Mid-Cold War ATGM Ammunition,ATGM 1975,,GL ATGM Ammo II,gl_atgm_1p,,,85,,4,,,,,,,,500,,,,,,,,,,,,,,,0.05,,,,,,,,
,,1985,Late Cold War ATGM Ammunition,ATGM 1985,,GL ATGM Ammo III,gl_atgm_2p,,,95,,5.5,,,,,,,,600,,,,,,,,,,,,,,,0.05,,,,,,,,
,,1995,Early Modern ATGM Ammunition,ATGM 1995,,GL ATGM Ammo IV,gl_atgm_3p,,,105,,7,,,,,,,,700,,,,,,,,,,,,,,,0.05,,,,,,,,
,,,,,,,,,,,,,,,,,,,,,,,,,,,,,,,,,,,,,,,,,,,
,HE,1942,WWII HE Ammunition,WWII HE Ammunition,,HE Ammo I,tank_he_0p,,,2.5,,10,,,,,,,,20,,,,,,,,,,,,,,,0.05,,,,,,,,
,,1955,Post-WWII HE Ammunition,Post-WWII HE Ammunition,,HE Ammo II,tank_he_1p,,,5,,15,,,,,,,,25,,,,,,,,,,,,,,,0.05,,,,,,,,
,,1970,Mid-Cold War HE Ammunition,Mid-Cold War HE Ammunition,,HE Ammo III,tank_he_2p,,,7.5,,20,,,,,,,,30,,,,,,,,,,,,,,,0.05,,,,,,,,
,,1985,Late Cold War HE Ammunition,Late Cold War HE Ammunition,,HE Ammo IV,tank_he_3p,,,10,,25,,,,,,,,35,,,,,,,,,,,,,,,0.05,,,,,,,,
,,2015,Modern HE Ammunition,Modern HE Ammunition,,HE Ammo V,tank_he_4p,,,12.5,,30,,,,,,,,40,,,,,,,,,,,,,,,0.05,,,,,,,,
,,,,,,,,,,,,,,,,,,,,,,,,,,,,,,,,,,,,,,,,,,,
,Heavy ATGM,1965,Early Cold War Heavy ATGM Ammunition,ATGM 1965,,Heavy ATGM Ammo I,h_atgm_0,,,,,3,,,,,,,,500,,,,,,,,,,,,,,,,,,,,,,,
,,1975,Mid-Cold War Heavy ATGM Ammunition,ATGM 1975,,Heavy ATGM Ammo II,h_atgm_1,,,,,4.5,,,,,,,,650,,,,,,,,,,,,,,,,,,,,,,,
,,1985,Late Cold War Heavy ATGM Ammunition,ATGM 1985,,Heavy ATGM Ammo III,h_atgm_2,,,,,6,,,,,,,,800,,,,,,,,,,,,,,,,,,,,,,,
,,1995,Early Modern Heavy ATGM Ammunition,ATGM 1995,,Heavy ATGM Ammo IV,h_atgm_3,,,,,7.5,,,,,,,,1000,,,,,,,,,,,,,,,,,,,,,,,
,,2005,Modern Heavy ATGM Ammunition,ATGM 2005,,Heavy ATGM Ammo V,h_atgm_4,,,,,9,,,,,,,,1200,,,,,,,,,,,,,,,,,,,,,,,
,,,,,,,,,,,,,,,,,,,,,,,,,,,,,,,,,,,,,,,,,,,
,,,,,,,,,,,,,,,,,,,,,,,,,,,,,,,,,,,,,,,,,,,
Secondary Tank Ammo,,,,,,,,,,,,,,,,,,,,,,,,,,,,,,,,,,,,,,,,,,,
,,,,,,,,,,,,,,,,,,,,,,,,,,,,,,,,,,,,,,,,,,,
,,,,,,,,,,,,,,,,,,,,,,,,,,,,,,,,,,,,,,,,,,,
,,,,,,,,,,,,,,,,,,,,,,,,,,,,,,,,,,,,,,,,,,,
,,,,,,,,,,,,,,,,,,,,,,,,,,,,,,,,,,,,,,,,,,,
,,,,,,,,,,,,,,,,,,,,,,,,,,,,,,,,,,,,,,,,,,,
,,,,,,,,,,,,,,,,,,,,,,,,,,,,,,,,,,,,,,,,,,,
,,,,,,,,,,,,,,,,,,,,,,,,,,,,,,,,,,,,,,,,,,,
Special Tank Ammo,,,,,,,,,,,,,,,,,,,,,,,,,,,,,,,,,,,,,,,,,,,
,,,,,,,,,,,,,,,,,,,,,,,,,,,,,,,,,,,,,,,,,,,
ATGM Mount,,,,,,,,,,,,,,,,,,,,,,,,,,,,,,,,,,,,,,,,,,,
